open_time,open,high,low,close,close_time
1782471600000,59290.0,59569.0,59233.1,59392.4,1782475199999
1782475200000,59392.4,59998.4,58940.0,59167.6,1782478799999
1782478800000,59167.6,60189.5,58388.0,60153.3,1782482399999
1782482400000,60153.5,60274.2,59358.8,59568.9,1782485999999
1782486000000,59568.9,60494.1,59560.0,60296.6,1782489599999
1782489600000,60296.9,60580.0,59933.1,60017.8,1782493199999
1782493200000,60017.8,60276.5,59921.4,60000.0,1782496799999
1782496800000,60000.0,60140.7,59530.7,59648.9,1782500399999
1782500400000,59648.9,60077.8,59586.3,59719.7,1782503999999
1782504000000,59719.9,59970.0,59556.0,59694.7,1782507599999
1782507600000,59694.7,60028.0,59649.2,59887.6,1782511199999
1782511200000,59887.6,60051.0,59717.1,60007.5,1782514799999
1782514800000,60007.6,60090.8,59871.9,60072.0,1782518399999
1782518400000,60071.9,60167.3,59846.2,60033.4,1782521999999
1782522000000,60033.4,60046.9,59904.8,59919.1,1782525599999
1782525600000,59919.0,60349.0,59888.7,60256.6,1782529199999
1782529200000,60256.6,60387.8,60134.5,60274.7,1782532799999
1782532800000,60274.8,60472.2,60189.4,60215.9,1782536399999
1782536400000,60215.9,60286.0,60101.9,60208.3,1782539999999
1782540000000,60208.4,60492.2,60074.5,60345.3,1782543599999
1782543600000,60345.2,60557.8,60266.0,60522.3,1782547199999
1782547200000,60522.4,60522.5,60336.2,60425.1,1782550799999
1782550800000,60425.2,60482.9,60261.0,60391.2,1782554399999
1782554400000,60391.3,60466.5,60350.0,60390.3,1782557999999
1782558000000,60390.3,60425.4,60162.0,60331.9,1782561599999
1782561600000,60331.9,60407.1,60222.6,60394.0,1782565199999
1782565200000,60394.0,60643.1,60356.1,60554.6,1782568799999
1782568800000,60554.6,60697.6,60480.0,60588.9,1782572399999
1782572400000,60589.0,60924.7,60541.1,60817.2,1782575999999
1782576000000,60817.3,60850.0,60648.2,60785.0,1782579599999
1782579600000,60784.9,60796.6,60383.0,60495.6,1782583199999
1782583200000,60495.6,60547.3,60420.2,60537.8,1782586799999
1782586800000,60537.9,60576.9,60050.0,60149.9,1782590399999
1782590400000,60149.9,60283.4,60141.7,60272.8,1782593999999
1782594000000,60272.8,60469.8,60108.9,60173.4,1782597599999
1782597600000,60173.4,60230.0,59819.8,60204.3,1782601199999
1782601200000,60204.3,60303.2,59913.9,60000.3,1782604799999
1782604800000,60000.4,60168.7,59983.3,60125.1,1782608399999
1782608400000,60125.1,60256.8,59950.0,60193.0,1782611999999
1782612000000,60193.1,60314.3,60017.2,60121.2,1782615599999
1782615600000,60121.2,60250.4,60121.2,60169.5,1782619199999
1782619200000,60169.5,60205.4,60060.0,60108.1,1782622799999
1782622800000,60108.0,60112.3,59714.8,59956.6,1782626399999
1782626400000,59956.6,60020.0,59772.9,59970.0,1782629999999
1782630000000,59970.0,60247.1,59965.8,60192.5,1782633599999
1782633600000,60192.4,60543.3,60109.5,60340.1,1782637199999
1782637200000,60340.1,60444.0,60223.1,60230.0,1782640799999
1782640800000,60230.0,60271.8,60037.0,60138.5,1782644399999
1782644400000,60138.4,60351.3,60091.4,60314.9,1782647999999
1782648000000,60315.0,60435.8,60161.2,60270.0,1782651599999
1782651600000,60269.9,60269.9,59934.3,60044.5,1782655199999
1782655200000,60044.6,60228.5,59983.0,59995.3,1782658799999
1782658800000,59995.3,60103.2,59781.8,59849.9,1782662399999
1782662400000,59850.0,59915.7,59550.0,59655.9,1782665999999
1782666000000,59655.9,59821.9,59366.6,59557.3,1782669599999
1782669600000,59557.3,59678.8,59466.9,59580.7,1782673199999
1782673200000,59580.7,59658.2,59224.6,59451.4,1782676799999
1782676800000,59451.3,59747.7,59443.8,59634.0,1782680399999
1782680400000,59634.1,59773.8,59300.0,59418.1,1782683999999
1782684000000,59418.1,59883.2,58888.0,59040.1,1782687599999
1782687600000,59040.0,59820.4,58975.0,59550.2,1782691199999
1782691200000,59550.2,59678.1,58978.2,59637.3,1782694799999
1782694800000,59637.3,59674.3,59170.5,59413.0,1782698399999
1782698400000,59413.0,59788.0,58850.0,59731.7,1782701999999
1782702000000,59731.8,60219.4,59731.8,60019.8,1782705599999
1782705600000,60019.9,60031.5,59717.0,59806.2,1782709199999
1782709200000,59806.2,60088.0,59360.3,60082.7,1782712799999
1782712800000,60082.7,60325.0,60022.2,60051.0,1782716399999
1782716400000,60051.1,60162.5,59900.7,59998.9,1782719999999
1782720000000,59998.9,60070.1,59712.8,59806.9,1782723599999
1782723600000,59806.9,60089.1,59750.1,60031.3,1782727199999
1782727200000,60031.3,60287.1,60031.3,60062.4,1782730799999
1782730800000,60062.3,60193.2,59770.4,59927.2,1782734399999
1782734400000,59927.2,60758.3,59552.6,59923.5,1782737999999
1782738000000,59923.5,60313.0,59302.8,59559.3,1782741599999
1782741600000,59559.4,59689.6,58988.0,59444.0,1782745199999
1782745200000,59444.1,59939.2,59067.6,59800.2,1782748799999
1782748800000,59800.3,59999.0,59562.6,59870.9,1782752399999
1782752400000,59870.9,60666.6,59870.9,60396.0,1782755999999
1782756000000,60396.0,60500.1,60150.2,60275.4,1782759599999
1782759600000,60275.4,60540.0,60127.4,60409.3,1782763199999
1782763200000,60409.3,60535.0,60265.1,60271.2,1782766799999
1782766800000,60271.2,60565.6,60232.1,60454.9,1782770399999
1782770400000,60454.9,60493.2,60314.0,60326.5,1782773999999
1782774000000,60326.4,60353.9,60134.0,60224.7,1782777599999
1782777600000,60224.7,60250.0,59667.5,59806.1,1782781199999
1782781200000,59806.1,60024.9,59740.0,59919.6,1782784799999
1782784800000,59919.6,60021.4,59719.6,59920.4,1782788399999
1782788400000,59920.4,60007.9,59570.0,59596.1,1782791999999
1782792000000,59596.1,59672.1,59400.0,59458.3,1782795599999
1782795600000,59458.3,59633.5,59329.2,59627.7,1782799199999
1782799200000,59627.8,59698.9,59488.6,59571.7,1782802799999
1782802800000,59571.6,59611.7,59423.3,59497.7,1782806399999
1782806400000,59497.7,59532.7,59159.0,59285.8,1782809999999
1782810000000,59285.8,59397.0,59225.0,59348.7,1782813599999
1782813600000,59348.7,59403.0,59264.5,59303.6,1782817199999
1782817200000,59303.7,59399.3,59100.0,59162.3,1782820799999
1782820800000,59162.2,59162.3,58351.0,58374.8,1782824399999
1782824400000,58374.8,58791.7,58200.0,58711.9,1782827999999
1782828000000,58711.8,59264.4,58400.1,58458.6,1782831599999
1782831600000,58458.7,58785.6,58160.0,58356.2,1782835199999
1782835200000,58356.2,58617.4,58223.3,58479.3,1782838799999
1782838800000,58479.2,58604.8,58290.0,58396.7,1782842399999
1782842400000,58396.8,58675.0,58334.0,58659.8,1782845999999
1782846000000,58659.9,58819.9,58560.0,58794.4,1782849599999
1782849600000,58794.0,58850.0,58621.3,58708.0,1782853199999
1782853200000,58708.0,58744.3,58472.3,58612.1,1782856799999
1782856800000,58612.3,58780.0,58477.1,58575.8,1782860399999
1782860400000,58575.7,58636.7,58518.8,58605.4,1782863999999
1782864000000,58605.4,58720.0,58270.0,58548.7,1782867599999
1782867600000,58548.7,58991.6,57758.6,58741.7,1782871199999
1782871200000,58741.8,59152.0,58632.4,59063.3,1782874799999
1782874800000,59063.3,59298.4,58823.9,59169.6,1782878399999
1782878400000,59169.7,59444.5,59030.9,59311.2,1782881999999
1782882000000,59311.1,59350.0,59085.0,59122.4,1782885599999
1782885600000,59122.3,59130.0,58500.1,58726.8,1782889199999
1782889200000,58726.7,58797.6,58567.2,58744.4,1782892799999
1782892800000,58744.4,58965.0,58450.7,58950.8,1782896399999
1782896400000,58950.8,59069.7,58792.8,58921.4,1782899999999
1782900000000,58921.4,58923.3,58590.9,58631.6,1782903599999
1782903600000,58631.6,58733.5,58524.2,58592.9,1782907199999
1782907200000,58592.8,58655.6,58294.1,58495.6,1782910799999
1782910800000,58495.6,59486.7,58495.5,59463.1,1782914399999
1782914400000,59463.0,60067.9,59239.9,59523.8,1782917999999
1782918000000,59523.7,60520.0,59496.9,60118.5,1782921599999
1782921600000,60118.6,60244.0,59836.1,59902.8,1782925199999
1782925200000,59902.9,60218.2,59762.6,60166.5,1782928799999
1782928800000,60166.5,60278.9,59992.7,60141.5,1782932399999
1782932400000,60141.5,60332.8,59952.3,60000.0,1782935999999
1782936000000,60000.0,60170.3,59844.5,60100.3,1782939599999
1782939600000,60100.3,60827.8,60092.7,60799.9,1782943199999
1782943200000,60799.9,61322.0,60319.3,60446.3,1782946799999
1782946800000,60446.3,60446.3,59949.2,59999.6,1782950399999
1782950400000,59999.6,60005.7,59555.0,59719.7,1782953999999
1782954000000,59719.7,60298.0,59688.9,60150.0,1782957599999
1782957600000,60150.0,60467.2,59978.3,60392.5,1782961199999
1782961200000,60392.4,61102.5,60259.1,61032.9,1782964799999
1782964800000,61032.9,61033.0,60703.1,60757.7,1782968399999
1782968400000,60757.7,60852.9,60450.0,60479.9,1782971999999
1782972000000,60480.0,60623.5,60232.6,60247.6,1782975599999
1782975600000,60247.6,60288.0,60080.9,60125.8,1782979199999
1782979200000,60125.8,60542.2,60113.5,60486.8,1782982799999
1782982800000,60486.7,61447.0,60342.5,61159.6,1782986399999
1782986400000,61159.6,61330.0,61019.8,61238.5,1782989999999
1782990000000,61238.4,61367.3,61100.0,61329.1,1782993599999
1782993600000,61329.1,61591.1,61109.9,61507.4,1782997199999
1782997200000,61507.3,62077.3,61472.0,61913.5,1783000799999
1783000800000,61913.6,62180.0,61368.8,61669.8,1783004399999
1783004400000,61669.7,61844.4,61400.0,61584.0,1783007999999
1783008000000,61584.0,61754.9,61113.8,61646.8,1783011599999
1783011600000,61646.8,61900.0,61592.8,61643.0,1783015199999
1783015200000,61643.0,61847.2,61633.7,61733.5,1783018799999
1783018800000,61733.5,61739.7,61388.1,61452.5,1783022399999
1783022400000,61452.4,61576.8,61308.3,61555.4,1783025999999
1783026000000,61555.3,61634.3,61500.0,61570.6,1783029599999
1783029600000,61570.5,61570.6,61388.0,61445.0,1783033199999
1783033200000,61444.9,61588.2,61333.0,61540.6,1783036799999
1783036800000,61540.5,61558.8,61229.0,61283.9,1783040399999
1783040400000,61283.9,61727.2,61261.0,61566.5,1783043999999
1783044000000,61566.6,61647.0,61271.0,61411.8,1783047599999
1783047600000,61411.9,61558.0,61300.0,61407.6,1783051199999
1783051200000,61407.5,61504.6,61300.4,61420.5,1783054799999
1783054800000,61420.5,61788.0,61403.1,61674.8,1783058399999
1783058400000,61674.7,61825.1,61584.0,61680.5,1783061999999
1783062000000,61680.6,61849.7,61634.1,61733.6,1783065599999
1783065600000,61733.7,61875.3,61525.9,61553.5,1783069199999
1783069200000,61553.6,61760.7,61480.7,61686.8,1783072799999
1783072800000,61686.9,62017.7,61640.2,61886.6,1783076399999
1783076400000,61886.5,62078.6,61808.1,61992.8,1783079999999
1783080000000,61992.8,62149.3,61841.0,61952.5,1783083599999
1783083600000,61952.6,62271.9,61910.5,62083.8,1783087199999
1783087200000,62083.9,62257.0,61653.0,62142.9,1783090799999
1783090800000,62142.9,62386.7,61778.1,61895.2,1783094399999
1783094400000,61895.2,62103.5,61877.6,62081.9,1783097999999
1783098000000,62081.9,62266.8,62036.0,62171.5,1783101599999
1783101600000,62171.5,62223.7,62087.4,62180.2,1783105199999
1783105200000,62180.3,62292.4,62120.1,62178.4,1783108799999
1783108800000,62178.4,62898.0,62151.2,62759.3,1783112399999
1783112400000,62759.3,62957.2,62488.8,62706.8,1783115999999
1783116000000,62706.9,62726.0,62513.0,62549.3,1783119599999
1783119600000,62549.3,62688.0,62507.1,62565.5,1783123199999
1783123200000,62565.5,62925.7,62560.5,62735.1,1783126799999
1783126800000,62735.0,62735.1,62381.6,62450.0,1783130399999
1783130400000,62450.0,62556.5,62404.0,62514.0,1783133999999
1783134000000,62514.1,62734.7,62460.0,62609.6,1783137599999
1783137600000,62609.6,62735.2,62568.8,62661.5,1783141199999
1783141200000,62661.6,62661.6,62395.7,62445.6,1783144799999
1783144800000,62445.7,62538.6,62302.6,62473.2,1783148399999
1783148400000,62473.1,62612.6,62441.8,62549.0,1783151999999
1783152000000,62549.1,62654.1,62485.1,62528.0,1783155599999
1783155600000,62527.9,62559.3,62386.1,62466.0,1783159199999
1783159200000,62466.0,62518.8,62418.3,62483.9,1783162799999
1783162800000,62483.8,62545.4,62430.1,62458.7,1783166399999
1783166400000,62458.6,62671.5,62458.6,62634.1,1783169999999
1783170000000,62634.0,62755.5,62509.4,62563.0,1783173599999
1783173600000,62562.9,62719.3,62562.4,62671.9,1783177199999
1783177200000,62671.8,63069.6,62666.7,62908.8,1783180799999
1783180800000,62908.7,62943.0,62752.9,62895.2,1783184399999
1783184400000,62895.2,63420.0,62769.8,63245.6,1783187999999
1783188000000,63245.5,63324.8,63070.0,63137.5,1783191599999
1783191600000,63137.5,63450.0,63090.0,63268.1,1783195199999
1783195200000,63268.0,63367.0,63128.4,63208.9,1783198799999
1783198800000,63208.8,63430.0,63172.8,63274.7,1783202399999
1783202400000,63274.6,63286.4,63129.4,63167.7,1783205999999
1783206000000,63167.7,63215.8,62902.7,63114.8,1783209599999
1783209600000,63114.9,63114.9,62824.4,62962.5,1783213199999
1783213200000,62962.6,63022.6,62762.3,62859.8,1783216799999
1783216800000,62859.8,62902.6,62549.6,62673.8,1783220399999
1783220400000,62673.7,62766.0,62626.5,62739.1,1783223999999
1783224000000,62739.1,62928.0,62680.0,62787.3,1783227599999
1783227600000,62787.0,62788.4,62628.0,62716.4,1783231199999
1783231200000,62716.4,62800.0,62644.3,62749.9,1783234799999
1783234800000,62749.8,63039.3,62690.5,62995.1,1783238399999
1783238400000,62995.1,63084.0,62868.0,62893.3,1783241999999
1783242000000,62893.4,62908.7,62410.1,62600.3,1783245599999
1783245600000,62600.2,62737.9,62507.2,62737.6,1783249199999
1783249200000,62737.6,62799.9,62582.3,62630.0,1783252799999
1783252800000,62630.0,62752.0,62534.3,62718.2,1783256399999
1783256400000,62718.3,62797.9,62617.5,62769.9,1783259999999
1783260000000,62769.9,62793.6,62621.5,62785.3,1783263599999
1783263600000,62785.2,62923.7,62646.9,62711.9,1783267199999
1783267200000,62711.9,62745.6,62570.0,62612.0,1783270799999
1783270800000,62612.0,62800.0,62564.4,62601.3,1783274399999
1783274400000,62601.4,62865.0,62587.8,62787.6,1783277999999
1783278000000,62787.6,62848.5,62691.2,62744.0,1783281599999
1783281600000,62744.1,62815.1,62667.5,62704.7,1783285199999
1783285200000,62704.8,63224.7,62580.0,63070.4,1783288799999
1783288800000,63070.4,63979.3,62976.3,63717.1,1783292399999
1783292400000,63717.1,63990.7,63542.8,63617.1,1783295999999
1783296000000,63617.2,63760.0,63308.3,63728.4,1783299599999
1783299600000,63728.3,63900.0,63520.0,63544.2,1783303199999
1783303200000,63544.1,63644.1,63340.4,63425.1,1783306799999
1783306800000,63425.1,63478.4,63101.2,63273.0,1783310399999
1783310400000,63272.9,63368.3,63154.6,63242.9,1783313999999
1783314000000,63242.8,63242.8,62912.6,63086.0,1783317599999
1783317600000,63086.0,63125.6,62940.0,62962.6,1783321199999
1783321200000,62962.6,63102.7,62858.4,63064.5,1783324799999
1783324800000,63064.5,63226.4,62807.1,62876.1,1783328399999
1783328400000,62876.0,62893.9,62610.0,62646.6,1783331999999
1783332000000,62646.5,63019.3,62641.5,62797.6,1783335599999
1783335600000,62797.7,62979.4,62461.4,62461.4,1783339199999
1783339200000,62461.2,62467.2,61652.0,61733.6,1783342799999
1783342800000,61733.6,62023.8,61297.0,61751.7,1783346399999
1783346400000,61751.7,62397.3,61679.4,62019.7,1783349999999
1783350000000,62019.7,63531.1,62019.7,63523.1,1783353599999
1783353600000,63523.0,63850.0,63356.8,63710.4,1783357199999
1783357200000,63710.4,63977.9,63539.9,63565.2,1783360799999
1783360800000,63565.2,63867.5,63532.8,63675.7,1783364399999
1783364400000,63675.8,63874.4,63628.0,63709.8,1783367999999
1783368000000,63709.9,63868.0,63560.0,63798.0,1783371599999
1783371600000,63798.1,64691.9,63781.7,64475.9,1783375199999
1783375200000,64475.9,64488.8,64129.4,64227.2,1783378799999
1783378800000,64227.2,64330.5,64002.0,64023.6,1783382399999
1783382400000,64023.5,64298.1,63981.6,64175.2,1783385999999
1783386000000,64175.1,64175.2,63738.9,63815.0,1783389599999
1783389600000,63815.0,63884.1,63257.0,63298.2,1783393199999
1783393200000,63298.2,63412.8,63122.0,63165.0,1783396799999
1783396800000,63164.9,63266.7,63030.7,63069.0,1783400399999
1783400400000,63069.0,63232.7,62745.6,63092.5,1783403999999
1783404000000,63092.4,63373.3,62954.4,63310.0,1783407599999
1783407600000,63309.9,63424.2,63050.0,63062.6,1783411199999
1783411200000,63062.7,63165.7,62958.4,63074.0,1783414799999
1783414800000,63074.0,63317.4,63030.0,63226.9,1783418399999
1783418400000,63227.0,63432.8,63185.4,63258.6,1783421999999
1783422000000,63258.6,63427.8,63080.0,63377.7,1783425599999
1783425600000,63377.8,63868.0,63365.7,63451.9,1783429199999
1783429200000,63451.8,63455.4,62960.3,63033.2,1783432799999
1783432800000,63033.3,63617.8,62638.0,63536.5,1783436399999
1783436400000,63536.5,64096.0,63349.4,63910.0,1783439999999
1783440000000,63910.0,64234.1,63780.3,63962.4,1783443599999
1783443600000,63962.4,64211.0,63868.2,64164.7,1783447199999
1783447200000,64164.6,64168.8,63646.5,63653.8,1783450799999
1783450800000,63653.6,63873.2,63351.4,63794.9,1783454399999
1783454400000,63794.9,63874.6,63588.5,63668.3,1783457999999
1783458000000,63668.4,63839.9,63264.0,63399.5,1783461599999
1783461600000,63399.5,63635.4,63177.0,63514.9,1783465199999
1783465200000,63514.9,63679.5,63288.0,63335.4,1783468799999
1783468800000,63335.4,63740.2,63274.1,63585.9,1783472399999
1783472400000,63585.9,63624.0,62883.6,63003.7,1783475999999
1783476000000,63003.7,63037.1,62466.9,62951.3,1783479599999
1783479600000,62951.4,63067.9,62666.0,62741.0,1783483199999
1783483200000,62741.0,62873.3,62643.6,62767.3,1783486799999
1783486800000,62766.9,62851.2,62520.4,62613.8,1783490399999
1783490400000,62613.8,62718.2,62434.9,62628.5,1783493999999
1783494000000,62628.5,62867.7,62519.3,62854.1,1783497599999
1783497600000,62854.1,62921.8,61821.0,61989.8,1783501199999
1783501200000,61989.8,62142.9,61708.2,62031.7,1783504799999
1783504800000,62031.8,62164.7,61876.0,62149.8,1783508399999
1783508400000,62149.9,62366.0,62025.2,62270.0,1783511999999
1783512000000,62270.0,62394.1,61933.0,61933.9,1783515599999
1783515600000,61933.9,62073.6,61615.0,61923.0,1783519199999
1783519200000,61922.9,62151.9,61686.7,61865.5,1783522799999
1783522800000,61865.6,61900.5,61520.0,61674.5,1783526399999
1783526400000,61674.6,62129.8,61666.0,62086.4,1783529999999
1783530000000,62086.3,62372.7,62005.2,62086.5,1783533599999
1783533600000,62086.4,62331.0,62014.1,62158.8,1783537199999
1783537200000,62158.9,62270.4,62043.0,62251.9,1783540799999
1783540800000,62251.9,62287.1,62051.2,62076.2,1783544399999
1783544400000,62076.2,62226.4,61926.9,62162.4,1783547999999
1783548000000,62162.4,62331.8,62144.4,62303.5,1783551599999
1783551600000,62303.5,62320.6,62139.3,62255.3,1783555199999
1783555200000,62255.1,62284.4,62025.4,62101.8,1783558799999
1783558800000,62101.8,62620.2,61796.1,61882.2,1783562399999
1783562400000,61882.2,62098.0,61666.0,61753.7,1783565999999
1783566000000,61753.8,62042.7,61693.1,61943.1,1783569599999
1783569600000,61943.2,62427.7,61929.0,62420.4,1783573199999
1783573200000,62420.3,62599.6,62204.9,62565.8,1783576799999
1783576800000,62565.8,62958.0,62452.1,62934.0,1783580399999
1783580400000,62933.9,63286.5,62774.5,62973.7,1783583999999
1783584000000,62973.6,63083.9,62822.8,62872.6,1783587599999
1783587600000,62872.6,62980.4,62753.1,62925.0,1783591199999
1783591200000,62925.0,63030.5,62653.8,62757.2,1783594799999
1783594800000,62757.2,62804.8,62583.4,62756.0,1783598399999
1783598400000,62755.9,62934.3,62428.5,62583.3,1783601999999
1783602000000,62583.3,63215.0,62490.2,62999.9,1783605599999
1783605600000,63000.0,63117.9,62620.1,62982.5,1783609199999
1783609200000,62982.4,63233.0,62782.5,62835.4,1783612799999
1783612800000,62835.4,62969.3,62525.2,62670.7,1783616399999
1783616400000,62670.7,63146.0,62640.2,63114.7,1783619999999
1783620000000,63114.8,63484.9,63041.9,63199.8,1783623599999
1783623600000,63199.9,63365.0,63130.0,63222.9,1783627199999
1783627200000,63222.9,63300.0,63148.1,63288.7,1783630799999
1783630800000,63288.8,63371.7,63162.7,63248.9,1783634399999
1783634400000,63249.0,63395.9,63180.9,63186.1,1783637999999
1783638000000,63186.2,63299.9,63032.2,63197.0,1783641599999
1783641600000,63197.1,63239.2,62897.0,63085.3,1783645199999
1783645200000,63085.3,63938.8,62931.7,63726.6,1783648799999
1783648800000,63726.7,64022.0,63662.6,63935.0,1783652399999
1783652400000,63935.0,64019.7,63789.0,63917.2,1783655999999
1783656000000,63917.3,64168.0,63826.4,64019.3,1783659599999
1783659600000,64019.2,64185.0,63915.0,64090.0,1783663199999
1783663200000,64089.9,64138.7,63804.4,63832.8,1783666799999
1783666800000,63832.8,63980.0,63765.5,63956.1,1783670399999
1783670400000,63956.1,64387.9,63949.1,64211.4,1783673999999
1783674000000,64211.5,64459.9,64065.7,64360.4,1783677599999
1783677600000,64360.4,64478.3,64244.6,64374.0,1783681199999
1783681200000,64374.0,64450.3,64309.0,64394.2,1783684799999
1783684800000,64394.2,64587.9,64236.3,64258.9,1783688399999
1783688400000,64258.9,64680.0,64127.0,64453.7,1783691999999
1783692000000,64453.6,64491.8,63768.0,63897.9,1783695599999
1783695600000,63897.9,64196.1,63875.5,64018.7,1783699199999
1783699200000,64018.7,64208.1,63802.4,64118.9,1783702799999
1783702800000,64118.9,64139.6,63803.6,63804.0,1783706399999
1783706400000,63804.1,63990.0,63718.1,63792.0,1783709999999
1783710000000,63792.0,64029.9,63755.8,63900.4,1783713599999
1783713600000,63900.4,63909.2,63619.9,63820.0,1783717199999
1783717200000,63820.1,64086.4,63813.6,63987.6,1783720799999
1783720800000,63987.7,64142.7,63953.9,64089.9,1783724399999
1783724400000,64089.8,64176.9,63989.2,64129.5,1783727999999
1783728000000,64129.5,64137.1,64000.0,64090.1,1783731599999
1783731600000,64090.1,64288.7,63969.9,63979.2,1783735199999
1783735200000,63979.1,64137.8,63950.1,64130.5,1783738799999
1783738800000,64130.5,64169.1,64037.4,64117.2,1783742399999
1783742400000,64117.2,64182.0,64047.2,64123.4,1783745999999
1783746000000,64123.4,64198.8,64085.2,64141.6,1783749599999
1783749600000,64141.6,64250.0,64091.6,64186.7,1783753199999
1783753200000,64186.7,64224.0,64120.6,64132.6,1783756799999
1783756800000,64132.6,64280.0,64123.0,64239.6,1783760399999
1783760400000,64239.6,64272.7,64129.0,64143.0,1783763999999
1783764000000,64143.1,64185.0,64110.2,64163.9,1783767599999
1783767600000,64163.9,64192.8,64146.3,64176.0,1783771199999
1783771200000,64176.1,64207.0,64112.0,64168.4,1783774799999
1783774800000,64168.5,64245.4,64144.4,64213.9,1783778399999
1783778400000,64213.9,64497.4,64213.9,64321.0,1783781999999
1783782000000,64321.0,64461.4,63668.8,64139.0,1783785599999
1783785600000,64139.1,64245.3,64050.4,64148.2,1783789199999
1783789200000,64148.1,64375.8,64133.4,64289.8,1783792799999
1783792800000,64289.8,64368.6,64258.1,64299.7,1783796399999
1783796400000,64299.7,64313.1,64205.7,64262.0,1783799999999
1783800000000,64261.9,64438.9,64261.9,64353.2,1783803599999
1783803600000,64353.3,64404.7,64310.0,64325.5,1783807199999
1783807200000,64325.5,64405.2,64110.5,64169.1,1783810799999
1783810800000,64169.1,64223.2,63776.0,63783.0,1783814399999
1783814400000,63783.1,63884.9,63657.4,63802.9,1783817999999
1783818000000,63802.9,64146.2,63783.0,64106.0,1783821599999
1783821600000,64106.0,64112.7,64002.0,64049.2,1783825199999
1783825200000,64049.2,64217.8,64002.9,64201.8,1783828799999
1783828800000,64201.9,64238.0,63912.5,63974.3,1783832399999
1783832400000,63974.2,63998.6,63867.0,63938.0,1783835999999
1783836000000,63938.0,63938.0,63602.8,63728.7,1783839599999
1783839600000,63728.6,63879.0,63708.2,63856.4,1783843199999
1783843200000,63856.4,64083.7,63854.1,63951.6,1783846799999
1783846800000,63951.6,64024.4,63730.7,63930.0,1783850399999
1783850400000,63930.1,63930.1,63807.3,63838.9,1783853999999
1783854000000,63838.9,64012.8,63796.3,63993.8,1783857599999
1783857600000,63993.8,64118.5,63946.0,63998.4,1783861199999
1783861200000,63998.5,64073.4,63959.3,63997.3,1783864799999
1783864800000,63997.3,64271.9,63928.0,64175.0,1783868399999
1783868400000,64175.0,64238.9,64091.5,64149.9,1783871999999
1783872000000,64150.0,64184.8,64013.0,64146.8,1783875599999
1783875600000,64146.7,64146.8,63983.1,64050.3,1783879199999
1783879200000,64050.2,64126.6,63985.1,64124.6,1783882799999
1783882800000,64124.7,64248.0,64114.9,64201.9,1783886399999
1783886400000,64202.0,64227.4,64141.6,64168.5,1783889999999
1783890000000,64168.5,64207.4,63856.3,63889.6,1783893599999
1783893600000,63889.5,63895.8,63634.1,63855.0,1783897199999
1783897200000,63855.0,63883.6,63693.0,63750.0,1783900799999
1783900800000,63749.9,64411.8,63538.0,64041.8,1783904399999
1783904400000,64041.8,64044.0,63366.0,63382.1,1783907999999
1783908000000,63382.1,63527.6,63204.0,63344.8,1783911599999
1783911600000,63344.9,63362.4,62705.0,62780.2,1783915199999
1783915200000,62780.1,62884.8,62592.1,62649.8,1783918799999
1783918800000,62649.7,62880.0,62434.9,62764.1,1783922399999
1783922400000,62764.1,62848.2,62675.0,62766.6,1783925999999
1783926000000,62766.6,63030.0,62719.4,62952.7,1783929599999
1783929600000,62952.8,63260.0,62902.5,63174.9,1783933199999
1783933200000,63174.9,63179.3,63064.4,63074.0,1783936799999
1783936800000,63074.0,63130.9,62834.4,62844.6,1783940399999
1783940400000,62844.7,63116.1,62844.7,62881.3,1783943999999
1783944000000,62881.4,62970.7,62531.0,62597.9,1783947599999
1783947600000,62597.9,62752.4,62141.2,62300.1,1783951199999
1783951200000,62300.1,62777.0,62061.3,62770.3,1783954799999
1783954800000,62770.2,62965.0,62543.5,62596.6,1783958399999
1783958400000,62596.7,62614.5,62183.9,62258.0,1783961999999
1783962000000,62258.0,62347.2,61877.0,61877.0,1783965599999
1783965600000,61877.1,62077.6,61806.0,61997.3,1783969199999
1783969200000,61997.4,62267.0,61962.5,62258.0,1783972799999
1783972800000,62257.9,62299.0,62020.0,62179.3,1783976399999
1783976400000,62179.3,62192.1,61868.0,62034.1,1783979999999
1783980000000,62034.0,62199.0,61883.1,61897.9,1783983599999
1783983600000,61897.9,62333.4,61854.5,62307.0,1783987199999
1783987200000,62307.0,62639.3,62240.9,62520.7,1783990799999
1783990800000,62520.7,62614.2,62427.0,62505.2,1783994399999
1783994400000,62505.2,62610.0,62286.9,62516.8,1783997999999
1783998000000,62516.8,62576.2,62279.0,62538.2,1784001599999
1784001600000,62538.3,62744.4,62511.0,62713.6,1784005199999
1784005200000,62713.6,62848.0,62669.4,62699.9,1784008799999
1784008800000,62699.9,62752.0,62537.0,62600.1,1784012399999
1784012400000,62600.1,62633.0,62489.7,62529.7,1784015999999
1784016000000,62529.7,62780.0,62458.3,62680.1,1784019599999
1784019600000,62680.1,62721.2,62502.3,62604.2,1784023199999
1784023200000,62604.2,62880.0,62577.5,62767.5,1784026799999
1784026800000,62767.6,62896.0,62680.7,62810.3,1784030399999
1784030400000,62810.3,63956.0,62756.5,63935.2,1784033999999
1784034000000,63935.2,64162.2,63666.0,63802.8,1784037599999
1784037600000,63802.8,64310.0,63550.0,64277.3,1784041199999
1784041200000,64277.2,64950.0,64163.6,64727.5,1784044799999
1784044800000,64727.4,64879.0,64589.3,64703.9,1784048399999
1784048400000,64704.0,64704.0,64200.0,64597.5,1784051999999
1784052000000,64597.5,64631.6,64448.7,64544.0,1784055599999
1784055600000,64544.0,64687.9,64456.3,64543.0,1784059199999
1784059200000,64543.1,64576.4,64390.4,64538.6,1784062799999
1784062800000,64538.6,64877.7,64496.2,64650.0,1784066399999
1784066400000,64649.9,65130.0,64485.4,64837.1,1784069999999
1784070000000,64837.2,65040.3,64750.0,65014.7,1784073599999
1784073600000,65014.6,65043.3,64743.6,64798.1,1784077199999
1784077200000,64798.1,64830.2,64618.8,64643.7,1784080799999
1784080800000,64643.7,64732.6,64456.7,64473.0,1784084399999
1784084400000,64473.1,64820.1,64473.0,64760.8,1784087999999
1784088000000,64760.9,64868.0,64686.6,64723.5,1784091599999
1784091600000,64723.6,64941.7,64580.0,64920.5,1784095199999
1784095200000,64920.5,65260.0,64784.7,64784.7,1784098799999
1784098800000,64784.8,64850.0,64450.9,64528.0,1784102399999
1784102400000,64528.0,64785.8,64528.0,64745.0,1784105999999
1784106000000,64744.9,64899.9,64626.2,64644.6,1784109599999
1784109600000,64644.6,64826.8,64582.7,64633.0,1784113199999
1784113200000,64633.0,64728.7,64585.6,64707.5,1784116799999
1784116800000,64707.4,65241.3,64568.8,65133.7,1784120399999
1784120400000,65133.7,65550.5,64852.5,65090.2,1784123999999
1784124000000,65090.2,65497.0,65033.5,65364.8,1784127599999
1784127600000,65364.8,65589.7,65230.0,65391.6,1784131199999
1784131200000,65391.5,65438.0,64752.0,65089.5,1784134799999
1784134800000,65089.6,65148.2,64939.5,65023.1,1784138399999
1784138400000,65023.1,65130.0,64817.1,64837.4,1784141999999
1784142000000,64837.4,64967.9,64708.0,64942.0,1784145599999
1784145600000,64942.1,65030.5,64869.8,64939.9,1784149199999
1784149200000,64939.9,64985.9,64756.7,64800.0,1784152799999
1784152800000,64800.0,64949.7,64739.0,64831.5,1784156399999
1784156400000,64831.6,64912.5,64660.0,64721.4,1784159999999
1784160000000,64721.4,64814.7,64464.0,64554.3,1784163599999
1784163600000,64554.3,64807.9,64362.2,64698.6,1784167199999
1784167200000,64698.6,64705.0,64550.0,64616.1,1784170799999
1784170800000,64616.1,64723.3,64521.0,64593.0,1784174399999
1784174400000,64593.0,64667.0,64512.0,64610.9,1784177999999
1784178000000,64610.9,64974.5,64573.4,64897.9,1784181599999
1784181600000,64898.0,64951.2,64603.4,64750.0,1784185199999
1784185200000,64749.9,64750.0,64005.6,64200.0,1784188799999
1784188800000,64200.1,64340.0,63843.1,64096.7,1784192399999
1784192400000,64096.6,64155.9,63985.1,64063.8,1784195999999
1784196000000,64063.9,64241.3,64047.7,64186.9,1784199599999
1784199600000,64187.0,64245.6,64057.2,64226.6,1784203199999
1784203200000,64226.6,64226.6,63833.0,63938.1,1784206799999
1784206800000,63938.2,64458.7,63930.1,64354.4,1784210399999
1784210400000,64354.3,64844.3,64300.1,64510.0,1784213999999
1784214000000,64510.0,64874.7,64281.6,64677.7,1784217599999
1784217600000,64677.7,64687.6,64299.4,64448.4,1784221199999
1784221200000,64448.4,64453.1,63958.0,64045.6,1784224799999
1784224800000,64045.5,64306.8,64022.3,64217.1,1784228399999
1784228400000,64217.0,64277.7,64120.2,64241.6,1784231999999
1784232000000,64241.7,64249.9,64075.1,64090.1,1784235599999
1784235600000,64090.1,64217.6,64077.3,64135.9,1784239199999
1784239200000,64136.0,64221.3,63922.6,63939.5,1784242799999
1784242800000,63939.6,63978.6,63712.6,63801.0,1784246399999
1784246400000,63801.1,63890.4,63580.0,63862.9,1784249999999
1784250000000,63862.9,64041.6,63435.6,63510.8,1784253599999
1784253600000,63510.7,63628.0,63358.0,63457.5,1784257199999
1784257200000,63457.5,63693.2,63450.1,63538.1,1784260799999
1784260800000,63538.0,63560.0,63281.0,63460.0,1784264399999
1784264400000,63460.1,63460.1,62754.6,62807.3,1784267999999
1784268000000,62807.4,62961.7,62655.0,62915.4,1784271599999
1784271600000,62915.5,62947.1,62761.3,62792.9,1784275199999
1784275200000,62792.8,62905.0,62611.0,62857.5,1784278799999
1784278800000,62857.4,63039.8,62831.8,62962.2,1784282399999
1784282400000,62962.3,63165.9,62962.2,63146.9,1784285999999
1784286000000,63146.9,63337.4,63031.3,63273.2,1784289599999
1784289600000,63273.1,63320.0,63037.0,63073.9,1784293199999
1784293200000,63073.9,63155.8,62505.1,63128.6,1784296799999
1784296800000,63128.7,63496.0,63051.4,63142.5,1784300399999
1784300400000,63142.5,63432.5,62817.0,63432.4,1784303999999
1784304000000,63432.4,63681.3,63272.4,63553.7,1784307599999
1784307600000,63553.7,64194.6,63553.7,64011.8,1784311199999
1784311200000,64011.8,64356.7,63855.8,64220.1,1784314799999
1784314800000,64220.1,64226.1,63943.5,64121.4,1784318399999
1784318400000,64121.4,64165.7,63928.9,64086.1,1784321999999
1784322000000,64086.2,64188.2,64031.6,64070.6,1784325599999
1784325600000,64070.6,64117.5,63891.6,63952.8,1784329199999
1784329200000,63952.7,63985.0,63860.0,63909.9,1784332799999
1784332800000,63909.9,63991.0,63859.6,63881.6,1784336399999
1784336400000,63881.6,63980.0,63862.0,63929.2,1784339999999
1784340000000,63929.2,64014.9,63900.0,63931.5,1784343599999
1784343600000,63931.6,63995.8,63900.0,63989.5,1784347199999
1784347200000,63989.5,63992.8,63915.0,63946.3,1784350799999
1784350800000,63946.3,63973.3,63894.3,63936.3,1784354399999
1784354400000,63936.3,63979.0,63914.1,63954.1,1784357999999
1784358000000,63954.2,64000.0,63952.8,63980.1,1784361599999
1784361600000,63980.0,63997.8,63930.4,63977.2,1784365199999
1784365200000,63977.2,63985.0,63912.0,63961.2,1784368799999
1784368800000,63961.1,63990.0,63957.3,63981.2,1784372399999
1784372400000,63981.2,64073.2,63981.2,64033.3,1784375999999
1784376000000,64033.2,64237.7,64019.4,64181.4,1784379599999
1784379600000,64181.5,64185.4,63925.2,64081.3,1784383199999
1784383200000,64081.2,64167.2,64065.8,64099.0,1784386799999
1784386800000,64099.0,64135.6,64000.0,64090.0,1784390399999
1784390400000,64090.0,64298.6,64054.5,64278.2,1784393999999
1784394000000,64278.3,64466.0,64250.3,64450.0,1784397599999
1784397600000,64450.0,64666.0,64424.5,64477.3,1784401199999
1784401200000,64477.4,64566.0,64445.5,64526.3,1784404799999
1784404800000,64526.4,64738.2,64467.2,64665.5,1784408399999
1784408400000,64665.5,64819.2,64584.2,64697.6,1784411999999
1784412000000,64697.5,64837.4,64680.6,64774.4,1784415599999
1784415600000,64774.3,64818.1,64677.7,64806.7,1784419199999
1784419200000,64806.7,64878.8,64750.0,64756.5,1784422799999
1784422800000,64756.5,64771.8,64750.0,64750.0,1784426399999
1784426400000,64750.0,64948.8,64672.4,64795.4,1784429999999
1784430000000,64795.5,64815.8,64594.6,64686.8,1784433599999
1784433600000,64686.8,64775.2,64580.4,64692.2,1784437199999
1784437200000,64692.2,64789.8,64643.4,64695.1,1784440799999
1784440800000,64695.0,64737.7,64670.0,64682.3,1784444399999
1784444400000,64682.2,64759.3,64643.4,64692.2,1784447999999
1784448000000,64692.1,64723.5,64600.0,64678.1,1784451599999
1784451600000,64678.2,64694.0,64467.2,64495.2,1784455199999
1784455200000,64495.1,64677.7,64454.6,64561.4,1784458799999
1784458800000,64561.4,64610.0,64415.0,64445.7,1784462399999
1784462400000,64445.7,64445.7,64259.5,64417.5,1784465999999
1784466000000,64417.4,64497.9,64273.4,64453.0,1784469599999
1784469600000,64453.0,64633.0,64389.0,64561.1,1784473199999
1784473200000,64561.0,64594.7,64466.6,64545.2,1784476799999
1784476800000,64545.3,64624.8,64474.2,64510.7,1784480399999
1784480400000,64510.7,64733.0,64365.7,64520.0,1784483999999
1784484000000,64520.0,64529.1,64262.9,64399.8,1784487599999
1784487600000,64399.8,64442.2,64319.5,64438.1,1784491199999
1784491200000,64438.1,64534.3,64438.0,64515.9,1784494799999
1784494800000,64516.0,64539.0,64305.0,64393.7,1784498399999
1784498400000,64393.6,64874.9,64319.3,64642.7,1784501999999
1784502000000,64642.8,64748.1,64534.9,64694.7,1784505599999
1784505600000,64694.8,65084.6,64380.0,64526.0,1784509199999
1784509200000,64526.0,65011.0,64470.0,64594.7,1784512799999
1784512800000,64594.7,64940.0,64551.6,64800.1,1784516399999
1784516400000,64800.1,64887.0,64610.2,64839.4,1784519999999
1784520000000,64839.3,64843.4,64503.0,64511.3,1784523599999
1784523600000,64511.4,64536.1,64046.0,64101.7,1784527199999
1784527200000,64101.8,64198.3,63736.1,63890.0,1784530799999
1784530800000,63890.0,64285.5,63865.0,64250.0,1784534399999
1784534400000,64250.0,64337.0,63858.1,64031.4,1784537999999
1784538000000,64031.4,64260.0,63984.5,64176.6,1784541599999
1784541600000,64176.6,64393.2,64137.0,64280.5,1784545199999
1784545200000,64280.5,65048.3,64237.1,64970.8,1784548799999
1784548800000,64970.8,64982.0,64571.0,64627.2,1784552399999
1784552400000,64627.1,64737.5,64174.5,64315.0,1784555999999
1784556000000,64315.0,64550.0,64034.3,64393.0,1784559599999
1784559600000,64393.0,65688.0,64386.8,65570.1,1784563199999
1784563200000,65570.1,65615.5,65301.8,65478.6,1784566799999
1784566800000,65478.6,65642.0,65313.9,65560.0,1784570399999
1784570400000,65560.0,65788.0,65168.0,65215.8,1784573999999
1784574000000,65215.7,65256.1,65011.4,65119.3,1784577599999
1784577600000,65119.3,65435.3,65030.2,65344.7,1784581199999
1784581200000,65344.8,65416.4,65241.6,65258.5,1784584799999
1784584800000,65258.4,65258.5,65061.2,65118.7,1784588399999
1784588400000,65118.8,65244.9,65098.8,65224.8,1784591999999
1784592000000,65224.7,65561.0,65115.3,65538.9,1784595599999
1784595600000,65538.8,65634.4,65202.1,65205.1,1784599199999
1784599200000,65205.1,65479.5,65145.1,65386.4,1784602799999
1784602800000,65386.4,65572.2,65380.0,65539.5,1784606399999
1784606400000,65539.5,65723.0,65453.5,65494.2,1784609999999
1784610000000,65494.2,65927.9,65460.1,65724.9,1784613599999
1784613600000,65724.8,65970.0,65604.8,65892.4,1784617199999
1784617200000,65892.5,66240.0,65828.2,66166.9,1784620799999
1784620800000,66166.8,66337.8,66103.4,66200.0,1784624399999
1784624400000,66199.9,66320.4,66110.0,66261.2,1784627999999
1784628000000,66261.3,66390.0,66145.5,66161.1,1784631599999
1784631600000,66161.0,66333.0,66117.1,66317.9,1784635199999
1784635200000,66317.9,66618.0,66236.0,66527.7,1784638799999
1784638800000,66527.7,66777.0,66290.4,66748.8,1784642399999
1784642400000,66748.7,66924.1,66609.0,66804.3,1784645999999
1784646000000,66804.3,66804.4,66487.9,66648.5,1784649599999
1784649600000,66648.5,66736.7,66428.5,66507.1,1784653199999
1784653200000,66507.1,66537.1,65939.0,66181.1,1784656799999
1784656800000,66181.1,66333.0,66071.2,66287.5,1784660399999
1784660400000,66287.6,66467.4,66230.0,66409.5,1784663999999
1784664000000,66409.5,66465.6,66326.3,66373.8,1784667599999
1784667600000,66373.8,66380.8,66261.7,66352.4,1784671199999
1784671200000,66352.4,66352.6,66172.0,66271.2,1784674799999
1784674800000,66271.3,66544.8,66200.0,66522.4,1784678399999
1784678400000,66522.3,66711.0,66503.9,66591.7,1784681999999
1784682000000,66591.8,66629.3,66253.0,66399.9,1784685599999
1784685600000,66399.9,66513.8,66264.9,66283.2,1784689199999
1784689200000,66283.2,66343.4,66141.7,66176.7,1784692799999
1784692800000,66176.6,66399.0,66161.4,66349.3,1784696399999
1784696400000,66349.2,66349.3,65909.1,65954.5,1784699999999
1784700000000,65954.4,66000.0,65800.1,65906.8,1784703599999
1784703600000,65906.7,65941.5,65668.6,65813.4,1784707199999
1784707200000,65813.4,66140.5,65813.4,65953.5,1784710799999
1784710800000,65953.4,66053.2,65816.4,65896.4,1784714399999
1784714400000,65896.3,66077.3,65861.4,66016.2,1784717999999
1784718000000,66016.2,66057.9,65872.1,65981.4,1784721599999
1784721600000,65981.3,65986.0,65505.0,65604.2,1784725199999
1784725200000,65604.1,65956.0,65531.7,65924.9,1784728799999
1784728800000,65924.9,66190.4,65556.3,65770.2,1784732399999
1784732400000,65770.2,66100.0,65770.0,66014.8,1784735999999
1784736000000,66014.8,66363.6,65877.0,66199.7,1784739599999
1784739600000,66199.8,66249.3,65912.6,65997.5,1784743199999
1784743200000,65997.5,66052.8,65701.2,65860.5,1784746799999
1784746800000,65860.6,65924.0,65650.2,65891.1,1784750399999
1784750400000,65891.2,65954.3,65753.0,65887.8,1784753999999
1784754000000,65887.8,66103.1,65853.2,66034.5,1784757599999
1784757600000,66034.5,66046.0,65891.8,66013.8,1784761199999
1784761200000,66013.9,66116.5,65808.5,66082.0,1784764799999
1784764800000,66082.0,66284.1,66020.0,66023.8,1784768399999
1784768400000,66023.8,66180.0,65715.9,65793.8,1784771999999
1784772000000,65793.7,65808.9,65616.3,65777.4,1784775599999
1784775600000,65777.4,65788.2,65548.0,65626.8,1784779199999
1784779200000,65626.7,65710.0,65558.0,65585.3,1784782799999
1784782800000,65585.4,65764.8,65543.1,65663.9,1784786399999
1784786400000,65663.9,65793.7,65593.9,65763.2,1784789999999
1784790000000,65763.3,65763.3,65313.7,65405.3,1784793599999
1784793600000,65405.3,65637.2,65383.6,65605.9,1784797199999
1784797200000,65605.8,65732.3,65573.8,65607.9,1784800799999
1784800800000,65607.9,65756.6,65555.1,65704.2,1784804399999
1784804400000,65704.1,65709.4,65511.0,65525.4,1784807999999
1784808000000,65525.4,65557.8,64927.3,65138.0,1784811599999
1784811600000,65138.0,65215.3,64839.1,64858.6,1784815199999
1784815200000,64858.7,65197.0,64801.0,64884.6,1784818799999
1784818800000,64884.7,65003.6,64696.2,64940.4,1784822399999
1784822400000,64940.4,64940.5,64688.0,64731.4,1784825999999
1784826000000,64731.5,64877.6,64636.0,64654.4,1784829599999
1784829600000,64654.4,64924.9,64654.3,64842.5,1784833199999
1784833200000,64842.5,64908.1,64670.0,64820.7,1784836799999
1784836800000,64820.7,65176.0,64809.7,65117.7,1784840399999
1784840400000,65117.6,65183.1,64979.9,65137.4,1784843999999
1784844000000,65137.4,65193.5,64976.7,65158.2,1784847599999
1784847600000,65158.2,65189.5,65018.8,65069.6,1784851199999
1784851200000,65069.6,65084.0,64733.2,64953.1,1784854799999
1784854800000,64953.0,65146.4,64912.4,65053.2,1784858399999
1784858400000,65053.2,65164.8,64890.5,65091.8,1784861999999
1784862000000,65091.8,65436.8,65045.0,65425.4,1784865599999
1784865600000,65425.5,65440.0,65235.4,65281.9,1784869199999
1784869200000,65282.0,65365.9,65213.0,65282.3,1784872799999
1784872800000,65282.4,65490.0,65245.6,65441.6,1784876399999
1784876400000,65441.6,65780.0,65338.0,65470.0,1784879999999
1784880000000,65470.1,65477.2,65274.5,65274.6,1784883599999
1784883600000,65274.6,65290.7,64919.7,65088.1,1784887199999
1784887200000,65088.2,65132.2,64878.0,64927.8,1784890799999
1784890800000,64927.7,65073.6,64821.9,65045.7,1784894399999
1784894400000,65045.7,65110.1,64707.5,64746.6,1784897999999
1784898000000,64746.5,64774.5,63882.3,64129.1,1784901599999
1784901600000,64129.1,64170.0,63666.0,64031.4,1784905199999
1784905200000,64031.3,64305.8,63824.3,64065.1,1784908799999
1784908800000,64065.1,64176.5,63854.3,63930.4,1784912399999
1784912400000,63930.3,64177.9,63882.6,64154.9,1784915999999
1784916000000,64154.9,64262.3,64104.1,64242.8,1784919599999
1784919600000,64242.7,64266.9,64113.4,64199.5,1784923199999
1784923200000,64199.5,64260.1,64105.0,64139.6,1784926799999
1784926800000,64139.6,64195.1,64098.7,64112.2,1784930399999
1784930400000,64112.2,64187.6,64098.7,64132.7,1784933999999
1784934000000,64132.8,64155.0,64102.2,64116.5,1784937599999
1784937600000,64116.5,64155.0,64005.4,64049.6,1784941199999
1784941200000,64049.6,64135.0,63977.0,64039.2,1784944799999
1784944800000,64039.1,64072.3,63988.4,64010.5,1784948399999
1784948400000,64010.5,64073.7,63988.4,64052.9,1784951999999
1784952000000,64053.0,64181.0,64052.9,64146.9,1784955599999
1784955600000,64147.0,64166.6,63940.7,63990.1,1784959199999
1784959200000,63990.0,64032.0,63933.2,63982.9,1784962799999
1784962800000,63982.9,64005.5,63966.8,63972.9,1784966399999
1784966400000,63973.0,63973.1,63760.5,63844.3,1784969999999
1784970000000,63844.4,64000.0,63794.2,63973.9,1784973599999
1784973600000,63973.8,64039.7,63959.3,64039.6,1784977199999
1784977200000,64039.6,64078.5,64014.7,64031.3,1784980799999
1784980800000,64031.2,64088.2,64006.2,64088.2,1784984399999
1784984400000,64088.1,64236.8,64072.2,64136.9,1784987999999
1784988000000,64136.8,64187.4,64079.2,64177.7,1784991599999
1784991600000,64177.7,64243.6,64135.5,64150.0,1784995199999
1784995200000,64150.1,64219.0,64092.2,64180.9,1784998799999
1784998800000,64180.8,64330.2,64162.1,64236.6,1785002399999
1785002400000,64236.7,64417.1,64236.7,64391.4,1785005999999
1785006000000,64391.3,64410.0,64351.4,64359.6,1785009599999
1785009600000,64359.7,64367.8,64282.9,64303.9,1785013199999
1785013200000,64304.0,64407.1,64233.0,64318.5,1785016799999
1785016800000,64318.6,64393.0,64318.5,64377.6,1785020399999
1785020400000,64377.7,64393.4,64331.9,64338.1,1785023999999
1785024000000,64338.0,64482.7,64317.9,64482.6,1785027599999
1785027600000,64482.7,64514.1,64422.6,64434.3,1785031199999
1785031200000,64434.3,64500.0,64394.0,64490.6,1785034799999
1785034800000,64490.6,64553.9,64453.2,64518.8,1785038399999
1785038400000,64518.9,64566.0,64452.9,64493.1,1785041999999
1785042000000,64493.2,64493.2,64359.3,64386.0,1785045599999
1785045600000,64386.0,64428.7,64256.4,64408.9,1785049199999
1785049200000,64409.0,64439.1,64313.5,64341.2,1785052799999
1785052800000,64341.3,64467.5,64320.2,64450.1,1785056399999
1785056400000,64450.0,64525.2,64450.0,64512.3,1785059999999
1785060000000,64512.3,64512.3,64479.0,64485.4,1785063599999
